trajectory_id,landing_index,departing_index,landing_x,landing_y,departing_x,departing_y
0,0,0,184.22038704629475,0.0,610.9594793886436,241.40160000000003
1,0,1,184.22038704629475,0.0,699.5812299484858,241.40160000000003
2,0,2,184.22038704629475,0.0,804.077461120178,241.40160000000003
3,1,0,210.28576315411314,0.0,610.9594793886436,241.40160000000003
4,1,1,210.28576315411314,0.0,699.5812299484858,241.40160000000003
5,1,2,210.28576315411314,0.0,804.077461120178,241.40160000000003
6,2,0,446.8537574867334,0.0,610.9594793886436,241.40160000000003
7,2,1,446.8537574867334,0.0,699.5812299484858,241.40160000000003
8,2,2,446.8537574867334,0.0,804.077461120178,241.40160000000003
