trajectory_id,landing_index,departing_index,landing_x,landing_y,departing_x,departing_y
0,0,0,207.86912766949357,0.0,183.36951672505575,241.40160000000003
1,0,1,207.86912766949357,0.0,211.38410021816554,241.40160000000003
2,0,2,207.86912766949357,0.0,284.27097298824293,241.40160000000003
3,1,0,333.91671255535294,0.0,183.36951672505575,241.40160000000003
4,1,1,333.91671255535294,0.0,211.38410021816554,241.40160000000003
5,1,2,333.91671255535294,0.0,284.27097298824293,241.40160000000003
6,2,0,585.2042814414118,0.0,183.36951672505575,241.40160000000003
7,2,1,585.2042814414118,0.0,211.38410021816554,241.40160000000003
8,2,2,585.2042814414118,0.0,284.27097298824293,241.40160000000003
