trajectory_id,landing_index,departing_index,landing_x,landing_y,departing_x,departing_y
0,0,0,213.73556440071843,0.0,75.20778958412653,241.40160000000003
1,0,1,213.73556440071843,0.0,762.2923153722714,241.40160000000003
2,0,2,213.73556440071843,0.0,800.6573033885878,241.40160000000003
3,1,0,441.9682395109811,0.0,75.20778958412653,241.40160000000003
4,1,1,441.9682395109811,0.0,762.2923153722714,241.40160000000003
5,1,2,441.9682395109811,0.0,800.6573033885878,241.40160000000003
6,2,0,786.7136520364985,0.0,75.20778958412653,241.40160000000003
7,2,1,786.7136520364985,0.0,762.2923153722714,241.40160000000003
8,2,2,786.7136520364985,0.0,800.6573033885878,241.40160000000003
