trajectory_id,landing_index,departing_index,landing_x,landing_y,departing_x,departing_y
0,0,0,217.73306007158808,0.0,440.1653711992112,241.40160000000003
1,0,1,217.73306007158808,0.0,514.9807713716515,241.40160000000003
2,0,2,217.73306007158808,0.0,690.3834069096135,241.40160000000003
3,1,0,674.4750596285741,0.0,440.1653711992112,241.40160000000003
4,1,1,674.4750596285741,0.0,514.9807713716515,241.40160000000003
5,1,2,674.4750596285741,0.0,690.3834069096135,241.40160000000003
6,2,0,675.5801358377792,0.0,440.1653711992112,241.40160000000003
7,2,1,675.5801358377792,0.0,514.9807713716515,241.40160000000003
8,2,2,675.5801358377792,0.0,690.3834069096135,241.40160000000003
